verified_at,forecast_time,target_time,horizon,forecast_wm2,actual_wm2,source,abs_error_wm2,in_90ci,clearsky_wm2,kt_forecast,kt_actual,kt_bias,sp_forecast_wm2,sp_abs_error_wm2,method
2026-09-21 17:31,2026-09-21 14:00,2026-09-21 15:00,t+1h,662.3,723.0,measured,60.7,True,846.3,0.7826,0.8543,-0.0717,731.3,8.3,v3_ensemble
2026-09-21 17:31,2026-09-21 14:00,2026-09-21 16:00,t+2h,534.2,578.0,measured,43.8,True,689.5,0.7748,0.8383,-0.0635,595.8,17.8,v3_ensemble
2026-09-21 17:31,2026-09-21 14:00,2026-09-21 17:00,t+3h,377.9,391.0,measured,13.1,True,475.9,0.7941,0.8217,-0.0275,411.2,20.2,v3_ensemble
2026-09-22 18:17,2026-09-22 14:00,2026-09-22 15:00,t+1h,576.4,309.0,measured,267.4,False,846.2,0.6811,0.3651,0.316,259.3,49.7,v3_ensemble
2026-09-22 18:17,2026-09-22 14:00,2026-09-22 16:00,t+2h,479.8,346.0,measured,133.8,False,688.9,0.6964,0.5022,0.1942,211.1,134.9,v3_ensemble
2026-09-22 18:17,2026-09-22 14:00,2026-09-22 17:00,t+3h,347.6,351.0,measured,3.4,True,474.9,0.732,0.7392,-0.0072,145.5,205.5,v3_ensemble
2026-09-25 01:46,2026-09-24 13:00,2026-09-24 14:00,t+1h,626.1,867.0,measured,240.9,False,933.9,0.6704,0.9284,-0.2579,754.4,112.6,v3_ensemble
2026-09-25 01:46,2026-09-24 13:00,2026-09-24 15:00,t+2h,571.4,826.0,measured,254.6,False,845.9,0.6755,0.9764,-0.301,683.3,142.7,v3_ensemble
2026-09-25 01:46,2026-09-24 13:00,2026-09-24 16:00,t+3h,480.8,624.0,measured,143.2,False,687.7,0.6992,0.9074,-0.2082,555.5,68.5,v3_ensemble
2026-09-25 17:57,2026-09-25 11:00,2026-09-25 12:00,t+1h,798.5,722.0,measured,76.5,False,878.4,0.909,0.822,0.0871,748.1,26.1,v3_ensemble
2026-09-25 17:57,2026-09-25 11:00,2026-09-25 13:00,t+2h,842.9,798.0,measured,44.9,True,945.3,0.8916,0.8441,0.0475,805.1,7.1,v3_ensemble
2026-09-25 17:57,2026-09-25 11:00,2026-09-25 14:00,t+3h,802.3,710.0,measured,92.3,True,934.2,0.8588,0.76,0.0988,795.6,85.6,v3_ensemble
2026-09-26 18:35,2026-09-26 11:00,2026-09-26 12:00,t+1h,812.5,787.0,measured,25.5,True,879.5,0.9238,0.8948,0.029,758.3,28.7,v3_ensemble
2026-09-26 18:35,2026-09-26 11:00,2026-09-26 13:00,t+2h,861.0,842.0,measured,19.0,True,946.0,0.9101,0.89,0.0201,815.7,26.3,v3_ensemble
2026-09-26 18:35,2026-09-26 11:00,2026-09-26 14:00,t+3h,825.2,824.0,measured,1.2,True,934.4,0.8831,0.8819,0.0013,805.7,18.3,v3_ensemble
2026-09-27 20:12,2026-09-27 11:00,2026-09-27 12:00,t+1h,506.4,678.0,measured,171.6,False,880.5,0.5751,0.77,-0.1949,342.1,335.9,v3_ensemble
2026-09-27 20:12,2026-09-27 11:00,2026-09-27 13:00,t+2h,557.3,317.0,measured,240.3,False,946.7,0.5887,0.3349,0.2538,367.8,50.8,v3_ensemble
2026-09-27 20:12,2026-09-27 11:00,2026-09-27 14:00,t+3h,567.0,219.0,measured,348.0,False,934.6,0.6067,0.2343,0.3724,363.1,144.1,v3_ensemble
2026-09-27 20:12,2026-09-27 11:00,2026-09-27 12:00,t+1h-sp,580.8,678.0,measured,97.2,True,880.5,0.6596,0.77,-0.1104,342.1,335.9,smart_persistence
2026-09-28 18:43,2026-09-28 11:00,2026-09-28 12:00,t+1h,568.7,811.0,measured,242.3,False,881.5,0.6451,0.92,-0.2749,670.7,140.3,v3_ensemble
2026-09-28 18:43,2026-09-28 11:00,2026-09-28 13:00,t+2h,612.7,888.0,measured,275.3,False,947.2,0.6468,0.9375,-0.2906,720.7,167.3,v3_ensemble
2026-09-28 18:43,2026-09-28 11:00,2026-09-28 14:00,t+3h,612.2,672.0,measured,59.8,True,934.7,0.655,0.719,-0.064,711.1,39.1,v3_ensemble
2026-09-28 18:43,2026-09-28 11:00,2026-09-28 12:00,t+1h-sp,487.9,811.0,measured,323.1,False,881.5,0.5535,0.92,-0.3665,670.7,140.3,smart_persistence
2026-09-29 23:40,2026-09-29 10:00,2026-09-29 11:00,t+1h,640.2,674.0,measured,33.8,True,743.9,0.8606,0.906,-0.0454,632.2,41.8,v3_ensemble
2026-09-29 23:40,2026-09-29 10:00,2026-09-29 12:00,t+2h,751.2,822.0,measured,70.8,True,882.4,0.8513,0.9315,-0.0802,749.9,72.1,v3_ensemble
2026-09-29 23:40,2026-09-29 10:00,2026-09-29 13:00,t+3h,778.5,875.0,measured,96.5,True,947.8,0.8214,0.9232,-0.1018,805.4,69.6,v3_ensemble
2026-09-29 23:40,2026-09-29 10:00,2026-09-29 11:00,t+1h-sp,539.1,674.0,measured,134.9,True,743.9,0.7247,0.906,-0.1813,632.2,41.8,smart_persistence
2026-09-30 18:00,2026-09-30 10:00,2026-09-30 11:00,t+1h,609.5,589.0,measured,20.5,True,745.1,0.818,0.7905,0.0275,274.8,314.2,v3_ensemble
2026-09-30 18:00,2026-09-30 10:00,2026-09-30 12:00,t+2h,715.0,814.0,measured,99.0,True,883.3,0.8095,0.9215,-0.1121,325.7,488.3,v3_ensemble
2026-09-30 18:00,2026-09-30 10:00,2026-09-30 13:00,t+3h,742.0,833.0,measured,91.0,True,948.2,0.7825,0.8785,-0.096,349.7,483.3,v3_ensemble
2026-09-30 18:00,2026-09-30 10:00,2026-09-30 11:00,t+1h-sp,381.4,589.0,measured,207.6,False,745.1,0.5119,0.7905,-0.2786,274.8,314.2,smart_persistence
2026-10-01 18:07,2026-10-01 11:00,2026-10-01 12:00,t+1h,773.1,733.0,measured,40.1,True,884.1,0.8744,0.8291,0.0454,734.5,1.5,v3_ensemble
2026-10-01 18:07,2026-10-01 11:00,2026-10-01 13:00,t+2h,809.3,801.0,measured,8.3,True,948.6,0.8531,0.8444,0.0087,788.1,12.9,v3_ensemble
2026-10-01 18:07,2026-10-01 11:00,2026-10-01 14:00,t+3h,769.7,645.0,measured,124.7,False,934.8,0.8234,0.69,0.1334,776.6,131.6,v3_ensemble
2026-10-01 18:07,2026-10-01 11:00,2026-10-01 12:00,t+1h-sp,768.9,733.0,measured,35.9,True,884.1,0.8697,0.8291,0.0406,734.5,1.5,smart_persistence
2026-10-02 22:03,2026-10-02 11:00,2026-10-02 12:00,t+1h,781.6,808.0,measured,26.4,True,884.9,0.8833,0.9131,-0.0298,768.4,39.6,v3_ensemble
2026-10-02 22:03,2026-10-02 11:00,2026-10-02 13:00,t+2h,815.4,870.0,measured,54.6,True,949.0,0.8592,0.9168,-0.0575,824.1,45.9,v3_ensemble
2026-10-02 22:03,2026-10-02 11:00,2026-10-02 14:00,t+3h,769.9,805.0,measured,35.1,True,934.7,0.8237,0.8613,-0.0376,811.7,6.7,v3_ensemble
2026-10-02 22:03,2026-10-02 11:00,2026-10-02 12:00,t+1h-sp,761.3,808.0,measured,46.7,True,884.9,0.8603,0.9131,-0.0528,768.4,39.6,smart_persistence
2026-10-03 19:25,2026-10-03 10:00,2026-10-03 11:00,t+1h,656.6,685.0,measured,28.4,True,748.4,0.8773,0.9153,-0.0379,670.6,14.4,v3_ensemble
2026-10-03 19:25,2026-10-03 10:00,2026-10-03 12:00,t+2h,768.2,830.0,measured,61.8,True,885.6,0.8675,0.9372,-0.0698,793.5,36.5,v3_ensemble
2026-10-03 19:25,2026-10-03 10:00,2026-10-03 13:00,t+3h,797.3,876.0,measured,78.7,True,949.3,0.8399,0.9228,-0.0829,850.6,25.4,v3_ensemble
2026-10-03 19:25,2026-10-03 10:00,2026-10-03 11:00,t+1h-sp,701.9,685.0,measured,16.9,True,748.4,0.9379,0.9153,0.0226,670.6,14.4,smart_persistence
2026-10-04 21:02,2026-10-04 11:00,2026-10-04 12:00,t+1h,802.8,813.0,measured,10.2,True,886.2,0.9059,0.9174,-0.0115,831.4,18.4,v3_ensemble
2026-10-04 21:02,2026-10-04 11:00,2026-10-04 13:00,t+2h,842.1,853.0,measured,10.9,True,949.5,0.8869,0.8983,-0.0115,890.8,37.8,v3_ensemble
2026-10-04 21:02,2026-10-04 11:00,2026-10-04 14:00,t+3h,799.5,929.0,measured,129.5,False,934.4,0.8556,0.9942,-0.1386,876.6,52.4,v3_ensemble
2026-10-04 21:02,2026-10-04 11:00,2026-10-04 12:00,t+1h-sp,814.8,813.0,measured,1.8,True,886.2,0.9194,0.9174,0.002,831.4,18.4,smart_persistence
2026-10-07 18:15,2026-10-07 09:00,2026-10-07 10:00,t+1h,508.9,528.0,measured,19.1,True,553.7,0.9192,0.9537,-0.0345,488.7,39.3,v3_ensemble
2026-10-07 18:15,2026-10-07 09:00,2026-10-07 11:00,t+2h,688.1,733.0,measured,44.9,True,751.9,0.9151,0.9748,-0.0597,663.7,69.3,v3_ensemble
2026-10-07 18:15,2026-10-07 09:00,2026-10-07 12:00,t+3h,799.4,852.0,measured,52.6,True,887.8,0.9005,0.9597,-0.0592,783.6,68.4,v3_ensemble
2026-10-07 18:15,2026-10-07 09:00,2026-10-07 10:00,t+1h-sp,490.5,528.0,measured,37.5,True,553.7,0.8859,0.9537,-0.0677,488.7,39.3,smart_persistence
